Rk,Player,Pos,Age,Tm,G,GS,MP,FG,FGA,FG%,3P,3PA,3P%,2P,2PA,2P%,eFG%,FT,FTA,FT%,ORB,DRB,TRB,AST,STL,BLK,TOV,PF,PTS,isAllNBA
1,Chris Mullin*\mullich01,SF,28,GSW,81,81,41.3,10.2,19.6,0.524,0.8,2.2,0.366,9.5,17.4,0.544,0.544,4.3,5.2,0.833,1.6,4,5.6,3.5,2.1,0.8,2.5,2.1,25.6,1
2,Tim Hardaway\hardati01,PG,25,GSW,81,81,41.1,9.1,19.7,0.461,1.6,4.6,0.338,7.5,15,0.499,0.501,3.7,4.8,0.766,1,2.8,3.8,10,2,0.2,3.3,2.6,23.4,1
3,Dennis Rodman*\rodmade01,PF,30,DET,82,80,40.3,4.2,7.7,0.539,0.4,1.2,0.317,3.8,6.5,0.581,0.564,1,1.7,0.6,6.4,12.3,18.7,2.3,0.8,0.9,1.7,3,9.8,1
4,James Worthy*\worthja01,SF,30,LAL,54,54,39,8.3,18.6,0.447,0.2,0.8,0.209,8.2,17.9,0.457,0.451,3.1,3.8,0.814,1.8,3.8,5.6,4.7,1.4,0.4,2.4,1.6,19.9,0
5,Joe Dumars*\dumarjo01,SG,28,DET,82,82,38.9,7.2,16,0.448,0.6,1.5,0.408,6.6,14.5,0.452,0.466,5,5.8,0.867,1,1.3,2.3,4.6,0.9,0.1,2.4,1.8,19.9,0
6,Michael Jordan*\jordami01,SG,28,CHI,80,80,38.8,11.8,22.7,0.519,0.3,1.3,0.27,11.5,21.5,0.533,0.526,6.1,7.4,0.832,1.1,5.3,6.4,6.1,2.3,0.9,2.5,2.5,30.1,1
7,Mitch Richmond*\richmmi01,SG,26,SAC,80,80,38.7,8.6,18.3,0.468,1.3,3.4,0.384,7.3,15,0.486,0.503,4.1,5.1,0.813,0.8,3.2,4,5.1,1.2,0.4,3.1,2.9,22.5,0
8,Scottie Pippen*\pippesc01,SF,26,CHI,82,82,38.6,8.4,16.6,0.506,0.2,1,0.2,8.2,15.6,0.525,0.511,4,5.3,0.76,2.3,5.4,7.7,7,1.9,1.1,3.1,3,21,1
9,Charles Barkley*\barklch01,SF,28,PHI,75,75,38.4,8.3,15,0.552,0.4,1.8,0.234,7.9,13.2,0.597,0.567,6.1,8.7,0.695,3.6,7.5,11.1,4.1,1.8,0.6,3.1,2.6,23.1,1
10,Patrick Ewing*\ewingpa01,C,29,NYK,82,82,38.4,9.7,18.6,0.522,0,0.1,0.167,9.7,18.5,0.523,0.522,4.6,6.2,0.738,2.8,8.5,11.2,1.9,1.1,3,2.5,3.4,24,1
11,Ron Harper\harpero01,SG,28,LAC,82,82,38.3,6.9,15.8,0.44,0.8,2.6,0.303,6.2,13.2,0.467,0.465,3.6,4.9,0.736,1.5,4,5.5,5.1,1.9,0.9,3.1,2.4,18.2,0
12,Dikembe Mutombo*\mutomdi01,C,25,DEN,71,71,38.3,6,12.2,0.493,0,0,,6,12.2,0.493,0.493,4.5,7,0.642,4.5,7.8,12.3,2.2,0.6,3,3.5,3.8,16.6,0
13,Glen Rice\ricegl01,SF,24,MIA,79,79,38.1,8.5,18.1,0.469,2,5,0.391,6.5,13.1,0.499,0.523,3.4,4,0.836,1.1,3.9,5,2.3,1.1,0.4,1.8,2.2,22.3,0
14,Sean Elliott\elliose01,SF,23,SAS,82,82,38,6.3,12.7,0.494,0.3,1,0.305,6,11.7,0.51,0.506,3.5,4,0.861,1.7,3.6,5.4,2.6,1,0.4,1.9,1.8,16.3,0
15,Pervis Ellison\ellispe01,C,24,WSB,66,64,38,8.3,15.4,0.539,0,0,0.333,8.3,15.3,0.54,0.54,3.4,4.7,0.728,3.3,7.9,11.2,2.9,0.9,2.7,3,3.4,20,0
16,Jeff Hornacek\hornaje01,SG,28,PHO,81,81,38,7.8,15.3,0.512,1,2.3,0.439,6.8,13,0.525,0.546,3.4,3.9,0.886,1.3,3.7,5,5.1,2,0.4,2.1,2.7,20.1,0
17,Reggie Miller*\millere01,SG,26,IND,82,82,38,6.9,13.7,0.501,1.6,4.2,0.378,5.3,9.5,0.555,0.559,5.4,6.3,0.858,1,2.9,3.9,3.8,1.3,0.3,1.9,2.6,20.7,0
18,Karl Malone*\malonka01,PF,28,UTA,81,81,37.7,9.9,18.7,0.526,0,0.2,0.176,9.8,18.5,0.53,0.527,8.3,10.7,0.778,2.8,8.4,11.2,3,1.3,0.6,3.1,2.8,28,1
19,Hakeem Olajuwon*\olajuha01,C,29,HOU,70,69,37.7,8.4,16.8,0.502,0,0,0,8.4,16.8,0.503,0.502,4.7,6.1,0.766,3.5,8.6,12.1,2.2,1.8,4.3,2.7,3.8,21.6,0
20,David Robinson*\robinda01,C,26,SAS,68,68,37.7,8.7,15.8,0.551,0,0.1,0.125,8.7,15.7,0.554,0.552,5.8,8.3,0.701,3.8,8.4,12.2,2.7,2.3,4.5,2.7,3.2,23.2,1
21,Reggie Lewis\lewisre01,SG,26,BOS,82,82,37.4,8.6,17,0.503,0.1,0.3,0.238,8.5,16.8,0.507,0.505,3.6,4.2,0.851,1.4,3.4,4.8,2.3,1.5,1.3,1.7,3.1,20.8,0
22,Grant Long\longgr01,PF,25,MIA,82,82,37.4,5.4,10.9,0.494,0.1,0.3,0.273,5.3,10.6,0.5,0.498,4,4.9,0.807,3.2,5.3,8.4,2.7,1.7,0.5,2.3,3,14.8,0
23,Isiah Thomas*\thomais01,PG,30,DET,78,78,37.4,7.2,16.2,0.446,0.3,1.1,0.291,6.9,15.1,0.458,0.456,3.7,4.8,0.772,0.9,2.3,3.2,7.2,1.5,0.2,3.2,2.5,18.5,0
24,Sedale Threatt\threase01,PG,30,LAL,82,82,37.4,6.2,12.7,0.489,0.2,0.8,0.323,6,11.9,0.499,0.499,2.5,3,0.831,0.5,2.6,3.1,7.2,2,0.2,2.2,2.8,15.1,0
25,Harvey Grant\grantha01,SF,26,WSB,64,60,37.3,7.6,16,0.478,0,0.1,0.125,7.6,15.8,0.481,0.479,2.8,3.4,0.8,2.5,4.3,6.8,2.7,1.2,0.4,1.7,2.8,18,0
26,Otis Thorpe\thorpot01,PF,29,HOU,82,82,37.3,6.8,11.5,0.592,0,0.1,0,6.8,11.4,0.596,0.592,3.7,5.6,0.657,3.5,7,10.5,3,0.6,0.5,2.9,3.7,17.3,0
27,Hersey Hawkins\hawkihe01,SG,25,PHI,81,81,37.2,6.4,13.9,0.462,1.1,2.8,0.397,5.3,11.1,0.479,0.503,5,5.7,0.874,0.7,2.7,3.3,3.1,1.9,0.5,2.3,2.1,19,0
28,Kevin Johnson\johnske02,PG,25,PHO,78,78,37.2,6.9,14.4,0.479,0.1,0.6,0.217,6.8,13.8,0.49,0.484,5.7,7.1,0.807,0.8,3,3.7,10.7,1.5,0.3,3.5,2.3,19.7,1
29,Larry Johnson\johnsla02,PF,22,CHH,82,77,37.2,7.5,15.3,0.49,0.1,0.3,0.227,7.5,15.1,0.494,0.492,4.1,5,0.829,3.9,7,11,3.6,1,0.6,2,2.7,19.2,0
30,Lionel Simmons\simmoli01,SF,23,SAC,78,78,37.1,6.8,14.9,0.454,0,0.1,0.2,6.7,14.8,0.455,0.454,3.6,4.7,0.77,1.9,6.2,8.1,4.3,1.7,1.7,2.8,2.6,17.1,0
31,Sam Perkins\perkisa01,PF,30,LAL,63,63,37,5.7,12.7,0.45,0.2,1.1,0.217,5.5,11.7,0.471,0.459,4.8,5.9,0.817,3,5.8,8.8,2.2,1,1,1.3,3,16.5,0
32,Dražen Petrović*\petrodr01,SG,27,NJN,82,82,36.9,8.1,16,0.508,1.5,3.4,0.444,6.6,12.7,0.525,0.555,2.8,3.5,0.808,1.2,2,3.1,3.1,1.3,0.1,2.6,3,20.6,0
33,Kendall Gill\gillke01,SG,23,CHH,79,79,36.8,8.4,18.1,0.467,0.1,0.3,0.24,8.4,17.7,0.471,0.469,3.6,4.8,0.745,2.1,3,5.1,4.2,1.9,0.6,2.3,3,20.5,0
34,Nick Anderson\anderni01,SG,24,ORL,60,59,36.7,8,17.4,0.463,0.5,1.4,0.353,7.5,16,0.472,0.477,3.4,5.1,0.667,1.6,4.8,6.4,2.7,1.6,0.6,2.1,2.2,19.9,0
35,John Stockton*\stockjo01,PG,29,UTA,82,82,36.6,5.5,11.5,0.482,1,2.5,0.407,4.5,9,0.503,0.527,3.8,4.5,0.842,0.8,2.5,3.3,13.7,3,0.3,3.5,2.9,15.8,1
36,Kevin Willis\willike02,PF,29,ATL,81,80,36.6,7.3,15.1,0.483,0.1,0.5,0.162,7.2,14.7,0.493,0.485,3.6,4.5,0.804,5.2,10.4,15.5,2.1,0.9,0.7,2.4,2.8,18.3,1
37,Brad Daugherty\daughbr01,C,26,CLE,73,73,36.2,7.9,13.8,0.57,0,0,0,7.9,13.8,0.571,0.57,5.7,7.3,0.777,2.6,7.8,10.4,3.6,0.9,1.1,2.5,2.6,21.5,1
38,Clyde Drexler*\drexlcl01,SG,29,POR,76,76,36.2,9.1,19.4,0.47,1.5,4.4,0.337,7.6,15,0.51,0.509,5.3,6.6,0.794,2.2,4.4,6.6,6.7,1.8,0.9,3.2,3,25,1
39,Jeff Malone\malonje01,SG,30,UTA,81,81,36.1,8.5,16.7,0.511,0,0.1,0.083,8.5,16.6,0.515,0.511,3.2,3.5,0.898,0.6,2.3,2.9,2.2,0.7,0.1,1.7,1.6,20.2,0
40,Chuck Person\persoch01,SF,27,IND,81,81,36.1,7.6,15.9,0.48,1.6,4.4,0.373,6,11.5,0.52,0.531,1.6,2.4,0.675,1.4,3.9,5.3,4.7,0.8,0.2,2.7,3,18.5,0
41,Rod Strickland\stricro02,PG,25,SAS,57,54,36,5.3,11.6,0.455,0.1,0.3,0.333,5.2,11.3,0.458,0.459,3.2,4.6,0.687,1.6,3,4.6,8.6,2.1,0.3,2.8,2.1,13.8,0
42,Michael Adams\adamsmi01,PG,29,WSB,78,78,35.8,6.2,15.8,0.393,1.6,4.9,0.324,4.6,10.9,0.425,0.444,4,4.6,0.869,0.7,3.2,4,7.6,1.9,0.1,2.7,2.1,18.1,0
43,Larry Nance\nancela01,PF,32,CLE,81,81,35.6,6.9,12.7,0.539,0,0.1,0,6.9,12.7,0.542,0.539,3.2,4,0.822,2.6,5.6,8.3,2.9,1,3,1.1,2.5,17,0
44,Pooh Richardson\richapo01,PG,25,MIN,82,82,35.6,7.2,15.4,0.466,0.6,1.9,0.342,6.5,13.5,0.483,0.487,1.5,2.2,0.691,1.1,2.6,3.7,8.4,1.5,0.3,2.5,1.9,16.5,0
45,Mookie Blaylock\blaylmo01,PG,24,NJN,72,67,35.4,6,13.8,0.432,0.2,0.8,0.222,5.8,13,0.444,0.438,1.8,2.5,0.712,1.4,2.3,3.7,6.8,2.4,0.6,2.1,2.5,13.8,0
46,A.C. Green\greenac01,PF,28,LAL,82,53,35.4,4.7,9.8,0.476,0.1,0.7,0.214,4.5,9.1,0.495,0.483,4.1,5.6,0.744,3.7,5.6,9.3,1.4,1.1,0.4,1.4,1.7,13.6,0
47,Danny Manning\mannida01,PF,25,LAC,82,82,35.4,7.9,14.6,0.542,0,0.1,0,7.9,14.6,0.544,0.542,3.4,4.7,0.725,2.8,4.1,6.9,3.5,1.6,1.5,2.6,3.6,19.3,0
48,Rony Seikaly\seikaro01,C,26,MIA,79,78,35.4,5.9,12,0.489,0,0,0,5.9,11.9,0.49,0.489,4.7,6.4,0.733,3.9,7.9,11.8,1.4,0.5,1.5,2.7,3.5,16.4,0
49,Spud Webb\webbsp01,PG,28,SAC,77,77,35.4,5.8,13.1,0.445,0.9,2.6,0.367,4.9,10.5,0.465,0.482,3.4,4,0.859,0.4,2.5,2.9,7.1,1.6,0.3,3,2.5,16,0
50,Horace Grant\grantho01,PF,26,CHI,81,81,35.3,5.6,9.8,0.578,0,0,0,5.6,9.7,0.58,0.578,2.9,3.9,0.741,4.2,5.7,10,2.7,1.2,1.6,1.2,2.4,14.2,0
51,Wayman Tisdale\tisdawa01,PF,27,SAC,72,71,35,7.3,14.5,0.5,0,0,0,7.3,14.5,0.501,0.5,2.1,2.8,0.763,1.9,4.6,6.5,1.5,0.8,1.1,1.7,3.4,16.6,0
52,Dan Majerle\majerda01,SF,26,PHO,82,15,34.8,6.7,14.1,0.478,1.1,2.8,0.382,5.7,11.3,0.502,0.516,2.8,3.7,0.756,1.8,4.1,5.9,3.3,1.6,0.5,1.2,1.9,17.3,0
53,Micheal Williams\willimi02,PG,25,IND,79,76,34.8,5.1,10.4,0.49,0.1,0.4,0.242,5,10,0.501,0.495,4.7,5.4,0.871,0.9,2.6,3.6,8.2,2.9,0.3,3,3.3,15,0
54,Derek Harper\harpede01,PG,30,DAL,65,64,34.6,6.9,15.6,0.443,0.9,2.9,0.312,6,12.7,0.473,0.472,3,4,0.759,0.8,1.9,2.6,5.7,1.6,0.3,2.4,2.3,17.7,0
55,Johnny Dawkins\dawkijo01,PG,28,PHI,82,82,34.3,4.8,11,0.437,0.4,1.2,0.356,4.4,9.8,0.447,0.457,2,2.3,0.882,0.5,2.3,2.8,6.9,1.1,0.1,2.2,1.9,12,0
56,Armen Gilliam\gilliar01,PF,27,PHI,81,81,34.2,6.3,12.4,0.511,0,0,0,6.3,12.3,0.513,0.511,4.2,5.2,0.807,2.9,5.3,8.1,1.5,0.6,1,2,2.2,16.9,0
57,Greg Anderson\andergr01,PF,27,DEN,82,82,34.1,4.7,10.4,0.456,0,0,0,4.7,10.4,0.458,0.456,2,3.3,0.623,4.1,7.4,11.5,1,1.1,0.8,2.5,3.2,11.5,0
58,Ricky Pierce\piercri01,SG,32,SEA,78,78,34.1,7.9,16.7,0.475,0.4,1.6,0.268,7.5,15.2,0.496,0.487,5.3,5.8,0.916,1.2,1.8,3,3.1,1.1,0.3,2.4,2.7,21.7,0
59,Muggsy Bogues\boguemu01,PG,27,CHH,82,69,34,3.9,8.2,0.472,0,0.3,0.074,3.8,7.9,0.489,0.474,1.1,1.5,0.783,0.7,2.2,2.9,9.1,2.1,0.1,1.9,1.9,8.9,0
60,Derrick Coleman\colemde01,PF,24,NJN,65,58,34,7.4,14.7,0.504,0.4,1.2,0.303,7.1,13.6,0.522,0.516,4.6,6,0.763,3.1,6.4,9.5,3.2,0.8,1.5,3.8,2.6,19.8,0
61,Terry Porter\portete01,PG,28,POR,82,82,34,6.4,13.8,0.461,1.6,4,0.395,4.8,9.8,0.488,0.518,3.8,4.5,0.856,0.6,2.5,3.1,5.8,1.5,0.1,2.3,1.9,18.1,0
62,Vernon Maxwell\maxweve01,SG,26,HOU,80,80,33.8,6.3,15.2,0.413,2,5.9,0.342,4.3,9.3,0.458,0.479,2.6,3.3,0.772,0.5,2.6,3,4.1,1.3,0.4,2.2,2.5,17.2,0
63,Kenny Smith\smithke01,PG,26,HOU,81,80,33.8,5.3,11.2,0.475,0.7,1.7,0.394,4.7,9.5,0.489,0.504,2.7,3.1,0.866,0.4,1.8,2.2,6.9,1.3,0.1,2.8,1.4,14,0
64,Rolando Blackman\blackro01,SG,32,DAL,75,74,33.7,7.1,15.5,0.461,0.9,2.3,0.385,6.3,13.2,0.474,0.489,3.2,3.5,0.898,1,2.1,3.2,2.7,0.7,0.3,2,1.8,18.3,0
65,Jerome Kersey\kerseje01,SF,29,POR,77,76,33.2,5.2,11.1,0.467,0,0.1,0.125,5.2,11,0.47,0.468,2.3,3.4,0.664,3.1,5.1,8.2,3.2,1.5,0.9,2,3.3,12.6,0
66,Byron Scott\scottby01,SG,30,LAL,82,82,32.7,5.6,12.3,0.458,0.7,1.9,0.344,5,10.3,0.479,0.485,3,3.5,0.838,0.9,2.9,3.8,2.8,1.3,0.3,1.5,1.7,14.9,0
67,Detlef Schrempf\schrede01,PF,29,IND,80,4,32.6,6.2,11.6,0.536,0.3,0.9,0.324,5.9,10.7,0.554,0.549,4.6,5.5,0.828,2.5,7.1,9.6,3.9,0.8,0.5,2.4,3.6,17.3,0
68,Reggie Williams\willire01,SF,27,DEN,81,80,32.4,7.4,15.8,0.471,0.7,1.9,0.359,6.7,13.8,0.486,0.493,2.7,3.3,0.803,1.8,3.2,5,2.9,1.8,0.8,2.1,3.3,18.2,0
69,Craig Ehlo\ehlocr01,SG,30,CLE,63,62,32,4.9,10.9,0.453,1.1,2.7,0.413,3.8,8.2,0.466,0.504,1.4,2,0.707,1.5,3.4,4.9,3.8,1.2,0.3,1.7,2.4,12.3,0
70,Jay Humphries\humphja01,PG,29,MIL,71,71,31.8,5.3,11.3,0.469,0.6,2,0.292,4.7,9.3,0.508,0.496,2.7,3.5,0.783,0.6,2,2.6,6.6,1.7,0.2,2.1,3,14,0
71,Doug West\westdo01,SG,24,MIN,80,72,31.8,5.8,11.2,0.518,0.1,0.3,0.174,5.7,10.9,0.527,0.52,2.3,2.9,0.805,1.3,1.9,3.2,3.5,0.8,0.3,1.5,3,14,0
72,Scott Skiles\skilesc01,PG,27,ORL,75,63,31.7,4.8,11.6,0.414,1.2,3.3,0.364,3.6,8.2,0.434,0.466,3.3,3.7,0.895,0.5,2.2,2.7,7.3,1,0.1,3.1,2.5,14.1,0
73,Terry Davis\daviste01,PF,24,DAL,68,67,31.6,3.8,7.8,0.482,0,0.1,0,3.8,7.7,0.487,0.482,2.7,4.2,0.635,3.4,6.5,9.9,0.8,0.4,0.4,1.7,3,10.2,0
74,Gary Payton*\paytoga01,PG,23,SEA,81,79,31.5,4.1,9.1,0.451,0,0.3,0.13,4,8.8,0.461,0.453,1.2,1.8,0.669,1.5,2.1,3.6,6.2,1.8,0.3,2.1,3.1,9.4,0
75,Buck Williams\willibu01,PF,31,POR,80,80,31.5,4.3,7,0.604,0,0,0,4.3,7,0.605,0.604,2.8,3.7,0.754,3.3,5.6,8.8,1.4,0.8,0.5,1.6,3.1,11.3,0
76,Billy Owens\owensbi01,PF,22,GSW,80,77,31.4,5.9,11.1,0.525,0,0.1,0.111,5.8,11,0.529,0.526,2.6,3.9,0.654,3,5,8,2.4,1.1,0.8,2.2,3.5,14.3,0
77,Tony Campbell\campbto01,SF,29,MIN,78,41,31.3,6.8,14.6,0.464,0.2,0.5,0.351,6.6,14.1,0.467,0.469,3.1,3.8,0.803,1.8,1.9,3.7,2.9,1.1,0.4,2.1,2.6,16.8,0
78,Terry Catledge\catlete01,PF,28,ORL,78,67,31.2,5.9,11.8,0.496,0,0.1,0,5.9,11.8,0.498,0.496,3.1,4.4,0.694,3.3,3.7,7,1.4,0.7,0.2,1.8,2.5,14.8,0
79,Chris Morris\morrich01,SF,26,NJN,77,74,31.1,4.5,9.4,0.477,0.3,1.4,0.2,4.2,8,0.526,0.492,2.1,3,0.714,2.6,3.8,6.4,2.6,1.7,1.1,2.2,2.7,11.4,0
80,Tim Perry\perryti01,PF,26,PHO,80,69,31,5.2,9.9,0.523,0,0.1,0.375,5.1,9.8,0.525,0.525,1.9,2.7,0.712,2.6,4.3,6.9,1.7,0.6,1.5,1.8,3,12.3,0
81,Sam Bowie\bowiesa01,C,30,NJN,71,61,30.7,5.9,13.3,0.445,0.1,0.4,0.32,5.8,13,0.448,0.449,3,3.9,0.757,2.9,5.3,8.1,2.6,0.6,1.7,2.1,3,15,0
82,Terry Cummings\cummite01,PF,30,SAS,70,67,30.7,7.3,15,0.488,0.1,0.2,0.385,7.3,14.9,0.489,0.491,2.5,3.6,0.711,3.5,5.5,9,1.5,0.8,0.5,1.6,3,17.3,0
83,Moses Malone*\malonmo01,C,36,MIL,82,77,30.6,5.4,11.3,0.474,0,0.1,0.375,5.3,11.2,0.474,0.475,4.8,6.1,0.786,3.9,5.2,9.1,1.1,0.9,0.8,1.8,1.7,15.6,0
84,Stacey Augmon\augmost01,SG,23,ATL,82,82,30.5,5.4,11,0.489,0,0.1,0.167,5.4,10.9,0.492,0.49,2.6,3.9,0.666,2.3,2.8,5.1,2.5,1.5,0.3,2.2,2,13.3,0
85,Kevin Gamble\gamblke01,SF,26,BOS,82,77,30.4,5.9,11.1,0.529,0.1,0.4,0.29,5.7,10.7,0.537,0.534,1.7,1.9,0.885,1,2.5,3.5,2.7,0.9,0.5,1.2,2.4,13.5,0
86,Mark Jackson\jacksma01,PG,26,NYK,81,81,30.4,4.5,9.2,0.491,0.1,0.5,0.256,4.4,8.7,0.506,0.499,2.1,2.7,0.77,1.2,2.6,3.8,8.6,1.4,0.2,2.6,1.9,11.3,0
87,Hot Rod Williams\williho01,C,29,CLE,80,12,30.4,4.3,8.5,0.503,0,0.1,0,4.3,8.4,0.506,0.503,3.4,4.5,0.752,2.9,4.7,7.6,2.5,0.8,2.3,1,2.4,11.9,0
88,Mark Macon\maconma01,SG,22,DEN,76,67,30.3,4.4,11.7,0.375,0.1,0.4,0.133,4.3,11.3,0.383,0.377,1.8,2.4,0.73,1.1,1.8,2.9,2.2,2,0.2,2,3.2,10.6,0
89,Michael Cage\cagemi01,PF,30,SEA,82,69,30,3.7,6.6,0.566,0,0.1,0,3.7,6.5,0.572,0.566,1.3,2.1,0.62,3.2,5.6,8.9,1.1,1.2,0.7,1,2.9,8.8,0
90,Alvin Robertson\roberal01,SG,29,MIL,82,79,30,4.8,11.2,0.43,0.8,2.6,0.319,4,8.7,0.462,0.466,1.8,2.4,0.763,2.1,2.1,4.3,4.4,2.6,0.4,2.7,3.2,12.3,0
91,Ron Anderson\anderro01,SF,33,PHI,82,11,29.7,5.7,12.3,0.465,0.5,1.5,0.331,5.2,10.7,0.485,0.486,1.7,2,0.877,1.2,2.2,3.4,1.6,1,0.1,1.3,1.6,13.7,0
92,Mark Price\pricema01,PG,27,CLE,72,72,29.7,6.1,12.5,0.488,1.4,3.6,0.387,4.7,8.8,0.53,0.545,3.8,4,0.947,0.5,1.9,2.4,7.4,1.3,0.2,2.2,1.6,17.3,1
93,Šarūnas Marčiulionis*\marcisa01,SG,27,GSW,72,5,29.4,6.8,12.7,0.538,0,0.1,0.3,6.8,12.5,0.541,0.54,5.2,6.6,0.788,0.9,1.9,2.9,3.4,1.6,0.1,2.7,3.3,18.9,0
94,Larry Stewart\stewala01,PF,23,WSB,76,43,29.3,4,7.8,0.514,0,0,0,4,7.7,0.516,0.514,2.5,3.1,0.807,2.4,3.5,5.9,1.6,0.7,0.6,1.5,3,10.4,0
95,Eddie Johnson\johnsed03,SF,32,SEA,81,19,29.2,6.6,14.4,0.459,0.3,1.3,0.252,6.3,13,0.48,0.47,3.6,4.2,0.861,1.5,2.1,3.6,2,0.7,0.1,1.6,2.5,17.1,0
96,Anthony Bonner\bonnean01,PF,23,SAC,79,18,28.9,3.7,8.3,0.447,0,0.1,0.25,3.7,8.3,0.448,0.448,1.9,3.1,0.627,2.4,3.7,6.1,1.6,1.2,0.3,1.7,2.5,9.4,0
97,Robert Parish*\parisro01,C,38,BOS,79,79,28.9,5.9,11.1,0.535,0,0,,5.9,11.1,0.535,0.535,2.3,2.9,0.772,2.8,6.2,8.9,0.9,0.9,1.2,1.7,2.2,14.1,0
98,Duane Causwell\causwdu01,C,23,SAC,80,77,28.6,3.1,5.7,0.549,0,0,0,3.1,5.7,0.551,0.549,1.7,2.8,0.613,2.5,4.8,7.3,0.7,0.6,2.7,1.6,3.5,8,0
99,Xavier McDaniel\mcdanxa01,SF,28,NYK,82,82,28.6,6,12.5,0.478,0.1,0.5,0.308,5.8,12,0.485,0.484,1.7,2.3,0.714,2.1,3.5,5.6,1.8,0.7,0.3,1.8,2.9,13.7,0
100,Gerald Wilkins\wilkige01,SG,28,NYK,82,82,28.6,5.3,11.8,0.447,0.5,1.3,0.352,4.8,10.4,0.459,0.467,1.4,1.9,0.73,0.9,1.6,2.5,2.7,0.9,0.2,1.4,2.4,12.4,0
101,Winston Garland\garlawi01,PG,27,DEN,78,67,28.3,4.3,9.6,0.444,0.1,0.4,0.321,4.2,9.3,0.449,0.45,2.2,2.6,0.859,0.9,1.6,2.4,5.3,1.3,0.3,2.2,2.6,10.8,0
102,Blue Edwards\edwarbl01,SF,26,UTA,81,81,28.2,5.3,10.2,0.522,0.5,1.3,0.379,4.9,9,0.542,0.545,1.4,1.8,0.774,1.1,2.6,3.7,1.7,1,0.6,1.5,2.9,12.6,0
103,Charles Oakley\oaklech01,PF,28,NYK,82,82,28.2,2.6,4.9,0.522,0,0,0,2.6,4.9,0.526,0.522,1,1.4,0.735,3.1,5.4,8.5,1.6,0.8,0.2,1.5,3.1,6.2,0
104,Rodney McCray\mccraro01,SF,30,DAL,75,48,28.1,3.6,8.3,0.436,0.3,1.1,0.294,3.3,7.2,0.458,0.456,1.5,2,0.719,2,4.3,6.2,2.9,0.6,0.4,1.5,2.4,9,0
105,Tyrone Corbin\corbity01,SF,29,TOT,80,9,27.6,3.8,7.9,0.481,0,0.1,0,3.8,7.8,0.484,0.481,2.2,2.5,0.866,2,3.9,5.9,1.8,1,0.3,1.2,2.4,9.8,0
106,Bill Laimbeer\laimbbi01,C,34,DET,81,46,27.6,4.2,9,0.47,0.4,1,0.376,3.8,7.9,0.483,0.492,0.8,0.9,0.893,1.3,4.3,5.6,2,0.6,0.7,1.3,2.8,9.7,0
107,Buck Johnson\johnsbu01,SF,28,HOU,80,69,27.5,3.6,7.9,0.458,0,0.1,0.111,3.6,7.8,0.463,0.459,1.3,1.8,0.727,1.2,2.7,3.9,2,0.9,0.6,1.3,2.9,8.6,0
108,Rumeal Robinson\robinru01,PG,25,ATL,81,64,27.4,5.2,11.5,0.456,0.4,1.3,0.327,4.8,10.2,0.472,0.474,2.2,3.4,0.636,0.8,1.9,2.7,5.5,1.3,0.3,2.5,2.2,13,0
109,Herb Williams\willihe01,C,33,DAL,75,26,27.2,4.9,11.3,0.431,0,0.1,0.167,4.9,11.3,0.433,0.432,1.7,2.3,0.725,1.4,4.6,6.1,1.3,0.5,1.3,1.5,2.5,11.5,0
110,Kevin Duckworth\duckwke01,C,27,POR,82,82,27.1,4.4,9.6,0.461,0,0,0,4.4,9.5,0.462,0.461,1.9,2.8,0.69,1.8,4.2,6.1,1.2,0.5,0.5,1.7,3.2,10.7,0
111,Kenny Gattison\gattike01,PF,27,CHH,82,71,27.1,5.2,9.7,0.529,0,0,0,5.2,9.7,0.531,0.529,2.4,3.5,0.688,2.2,4.9,7.1,1.6,0.7,0.8,1.7,3.3,12.7,0
112,Dale Ellis\ellisda01,SF,31,MIL,81,11,27,6,12.8,0.469,1.7,4.1,0.419,4.3,8.7,0.492,0.536,2,2.6,0.774,1.1,2,3.1,1.3,0.7,0.2,1.5,1.9,15.7,0
113,Anthony Mason\masonan01,PF,25,NYK,82,0,26.8,2.5,4.9,0.509,0,0,,2.5,4.9,0.509,0.509,2,3.2,0.642,2.6,4.4,7,1.3,0.6,0.2,1.2,2.8,7,0
114,Gary Grant\grantga01,PG,26,LAC,78,53,26.3,3.5,7.6,0.462,0.2,0.7,0.294,3.3,7,0.478,0.475,0.6,0.7,0.815,0.4,1.9,2.4,6.9,1.8,0.2,2.4,2.3,7.8,0
115,David Wingate\wingada01,SG,28,WSB,81,72,26.3,3.3,7.1,0.465,0,0.2,0.056,3.3,6.8,0.478,0.466,1.3,1.8,0.719,1,2.3,3.3,3,1.5,0.3,1.5,2,7.9,0
116,Dell Curry\curryde01,SG,27,CHH,77,0,26.2,6.5,13.5,0.486,1,2.4,0.404,5.6,11.1,0.503,0.521,1.6,2,0.836,0.7,2.6,3.4,2.3,1.2,0.3,1.7,2,15.7,0
117,Sam Mitchell\mitchsa01,PF,28,MIN,82,63,26.2,3.7,8.8,0.423,0,0.1,0.182,3.7,8.7,0.427,0.425,2.5,3.2,0.786,1.9,3.8,5.8,1.1,0.6,0.5,1.2,2.8,10.1,0
118,Ken Norman\normake01,SF,27,LAC,77,24,26.1,5.2,10.7,0.49,0.1,0.4,0.143,5.2,10.3,0.502,0.492,1.6,2.9,0.535,2.1,3.8,5.8,1.6,0.7,0.9,1.3,1.9,12.1,0
119,Clifford Robinson\robincl02,SF,25,POR,82,7,25.9,4.9,10.4,0.466,0,0.1,0.091,4.8,10.3,0.471,0.467,2.7,4,0.664,1.7,3.4,5.1,1.7,1,1.3,1.9,3.3,12.4,0
120,John Starks\starkjo01,SG,26,NYK,82,0,25.8,4.9,11,0.449,1.1,3.3,0.348,3.8,7.7,0.492,0.501,2.9,3.7,0.778,0.5,1.8,2.3,3.4,1.3,0.2,1.8,2.8,13.9,0
121,Orlando Woolridge\woolror01,SF,32,DET,82,61,25.8,5.5,11.1,0.498,0,0.1,0.111,5.5,11,0.502,0.499,2.9,4.3,0.683,1.3,1.8,3.2,1.1,0.5,0.4,1.6,1.9,14,0
122,Thurl Bailey\baileth01,PF,30,TOT,84,18,25,4.4,10,0.44,0,0,0,4.4,9.9,0.441,0.44,2.6,3.2,0.796,1.5,4.3,5.8,0.9,0.4,1.4,1.3,1.9,11.3,0
123,Mark Eaton\eatonma01,C,35,UTA,81,81,25,1.3,3,0.446,0,0,,1.3,3,0.446,0.446,0.6,1.1,0.598,1.9,4.2,6.1,0.5,0.4,2.5,0.7,3,3.3,0
124,John Paxson\paxsojo01,PG,31,CHI,79,79,24.6,3.3,6.2,0.528,0.2,0.6,0.273,3.1,5.6,0.553,0.54,0.4,0.5,0.784,0.3,0.9,1.2,3.1,0.6,0.1,0.6,1.8,7,0
125,John Salley\sallejo01,PF,27,DET,72,38,24.6,3.5,6.8,0.512,0,0,0,3.5,6.7,0.516,0.512,2.6,3.6,0.715,1.5,2.6,4.1,1.6,0.7,1.5,1.4,3.1,9.5,0
126,Bimbo Coles\colesbi01,PG,23,MIA,81,28,24.4,3.6,8,0.455,0.1,0.6,0.192,3.5,7.4,0.477,0.462,2.7,3.2,0.824,0.9,1.5,2.3,4.5,0.9,0.2,2.1,1.9,10.1,0
127,Gerald Glass\glassge01,SF,24,MIN,75,41,24.3,5.1,11.6,0.44,0.2,0.7,0.296,4.9,10.9,0.449,0.449,1,1.7,0.616,1.4,2,3.5,2.3,0.9,0.4,1.4,2.3,11.5,0
128,Andrew Lang\langan01,C,25,PHO,81,71,24.3,3.1,5.9,0.522,0,0,0,3.1,5.9,0.523,0.522,1.6,2,0.768,2.1,4.6,6.7,0.5,0.6,2.5,1.1,3.8,7.7,0
129,Blair Rasmussen\rasmubl01,C,29,ATL,81,61,24.3,4.3,9,0.478,0.1,0.3,0.217,4.2,8.7,0.486,0.481,0.4,0.5,0.75,1.2,3.7,4.9,1.3,0.4,0.6,0.6,2.9,9,0
130,Olden Polynice\polynol01,C,27,LAC,76,65,24.1,3.2,6.2,0.519,0,0,0,3.2,6.2,0.52,0.519,1.6,2.6,0.622,2.6,4.5,7.1,0.6,0.6,0.3,1.1,2.2,8.1,0
131,John Bagley\baglejo01,PG,31,BOS,73,59,23.9,3.1,6.9,0.441,0.1,0.6,0.238,2.9,6.4,0.459,0.451,0.9,1.3,0.716,0.5,1.7,2.2,6.6,0.8,0.1,2,1.7,7.2,0
132,Rik Smits\smitsri01,C,25,IND,74,55,23.9,5.9,11.6,0.51,0,0,0,5.9,11.5,0.511,0.51,2.1,2.6,0.788,1.7,4,5.6,1.6,0.4,1.4,1.8,3.1,13.8,0
133,Ed Pinckney\pincked01,PF,28,BOS,81,36,23.7,2.5,4.7,0.537,0,0,0,2.5,4.7,0.538,0.537,2.6,3.1,0.812,3.1,3.9,7,0.8,0.9,0.7,0.9,2,7.6,0
134,Larry Krystkowiak\krystla01,PF,27,MIL,79,16,23.4,3.7,8.4,0.444,0,0.1,0,3.7,8.3,0.447,0.444,1.6,2.1,0.757,1.7,3.8,5.4,1.4,0.7,0.2,1.5,2.8,9,0
135,Elden Campbell\campbel01,C,23,LAL,81,47,23.2,2.7,6.1,0.448,0,0,0,2.7,6,0.45,0.448,1.7,2.8,0.619,1.9,3.3,5.2,0.7,0.7,2,0.9,2.5,7.1,0
136,Chris Dudley\dudlech02,C,26,NJN,82,21,23.2,2.3,5.8,0.403,0,0,,2.3,5.8,0.403,0.403,1,2.1,0.468,4.2,4.8,9,0.7,0.5,2.2,1,3.4,5.6,0
137,Antoine Carr\carran01,PF,30,SAS,81,27,23,4.4,9,0.49,0,0.1,0.2,4.4,9,0.492,0.491,2,2.6,0.764,1.6,2.7,4.3,0.8,0.4,1.2,1.4,3.3,10.9,0
138,Tyrone Hill\hillty01,C,23,GSW,82,75,23,3.1,5.9,0.522,0,0,0,3.1,5.9,0.523,0.522,2,2.9,0.694,2.2,5,7.2,0.6,0.9,0.5,1.3,3.8,8.2,0
139,B.J. Armstrong\armstbj01,PG,24,CHI,82,3,22.9,4.1,8.5,0.481,0.4,1.1,0.402,3.7,7.4,0.492,0.506,1.3,1.6,0.806,0.2,1.5,1.8,3.2,0.6,0.1,1.1,1.1,9.9,0
140,Nate McMillan\mcmilna01,PG,27,SEA,72,30,22.9,2.5,5.6,0.437,0.4,1.4,0.276,2.1,4.3,0.489,0.47,0.8,1.2,0.643,1.3,2.2,3.5,5,1.8,0.4,1.6,3,6,0
141,Kevin Edwards\edwarke01,PG,26,MIA,81,1,22.7,4,8.8,0.454,0.1,0.4,0.219,3.9,8.4,0.465,0.459,2,2.4,0.848,0.7,1.9,2.6,2.1,1.2,0.2,1.5,1.7,10.1,0
142,Doug Smith\smithdo03,PF,22,DAL,76,32,22.5,3.8,9.2,0.415,0,0.1,0,3.8,9.1,0.421,0.415,1.2,1.6,0.736,1.7,3.4,5.1,1.7,0.8,0.4,1.3,3.4,8.8,0
143,Paul Graham\grahapa01,SG,24,ATL,78,9,22,3.9,8.7,0.447,0.7,1.8,0.39,3.2,6.9,0.462,0.488,1.6,2.2,0.741,0.9,2,3,2.2,1.2,0.3,1.2,2.5,10.1,0
144,Fred Roberts\roberfr01,PF,31,MIL,80,63,21.8,3.9,8.1,0.482,0.2,0.5,0.514,3.7,7.6,0.48,0.497,1.6,2.1,0.749,1.3,1.9,3.2,1.5,0.7,0.5,1.5,2.2,9.6,0
145,Mike Brown\brownmi01,C,28,UTA,82,1,21.7,2.7,6,0.453,0,0,0,2.7,5.9,0.454,0.453,2.3,3.5,0.667,2.3,3.5,5.8,1,0.5,0.4,1.3,2.4,7.7,0
146,John Battle\battljo01,SG,29,CLE,76,2,21.5,4.2,8.7,0.48,0,0.2,0.118,4.1,8.4,0.489,0.481,1.9,2.3,0.848,0.3,1.2,1.5,2.1,0.5,0.1,1.2,1.5,10.3,0
147,Loy Vaught\vaughlo01,PF,23,LAC,79,38,21.4,3.4,7,0.492,0.1,0.1,0.8,3.4,6.9,0.489,0.495,0.7,0.9,0.797,2,4.5,6.5,0.9,0.5,0.4,0.8,2.1,7.6,0
148,Mario Elie\eliema01,SG,28,GSW,79,32,21.2,2.8,5.4,0.521,0.3,0.9,0.329,2.5,4.5,0.559,0.548,2,2.3,0.852,0.9,2,2.9,2.2,0.9,0.2,1.1,2,7.8,0
149,Vern Fleming\flemive01,PG,29,IND,82,6,21.2,3.6,7.4,0.482,0.1,0.3,0.222,3.5,7.1,0.494,0.487,1.6,2.2,0.737,0.8,1.7,2.5,3.2,0.7,0.1,1.7,1.6,8.9,0
150,Jeff Turner\turneje01,SF,29,ORL,75,42,21.2,3,6.7,0.451,0,0.1,0.125,3,6.5,0.456,0.452,1.1,1.5,0.693,0.8,2.5,3.3,1.2,0.3,0.2,1.4,3.1,7.1,0
